,ticker,quarter,year,priceToEarning,priceToBook,roe,roa,earningPerShare,bookValuePerShare,interestMargin,nonInterestOnToi,badDebtPercentage,provisionOnBadDebt,costOfFinancing,equityOnTotalAsset,equityOnLoan,costToIncome,equityOnLiability,epsChange,assetOnEquity,preProvisionOnToi,postTaxOnToi,loanOnEarnAsset,loanOnAsset,loanOnDeposit,depositOnEarnAsset,badDebtOnAsset,liquidityOnLiability,payableOnEquity,cancelDebt,bookValuePerShareChange,creditGrowth,industry,organName
0,SSI,Q3,2021,26.5,4.6,0.194,0.056,1386,8015.0,,,,,,0.252,,,0.3,0.195,4.0,,,,,,,,,2.9,,0.06,,Dịch vụ tài chính,Công ty Cổ phần Chứng khoán SSI
1,BCM,Q3,2021,26.0,3.0,0.116,0.037,1702,14738,,,,,,0.316,,,0.5,-0.234,3.2,,,,,,,,,2.0,,-0.013,,Bất động sản,Tổng Công ty Đầu tư và Phát triển Công nghiệp - CTCP
2,VHM,Q3,2021,8.6,2.9,0.409,0.175,8868,26196,,,,,,0.519,,,1.2,0.152,1.9,,,,,,,,,0.8,,0.19,,Bất động sản,Công ty Cổ phần Vinhomes
3,VIC,Q3,2021,78.3,3.4,0.047,0.01,1123,26004,,,,,,0.229,,,0.6,-0.306,4.4,,,,,,,,,1.6,,0.114,,Bất động sản,Tập đoàn Vingroup - Công ty CP
4,VRE,Q3,2021,30.5,2.2,0.074,0.056,953,13419,,,,,,0.808,,,4.2,-0.202,1.2,,,,,,,,,0.2,,0.001,,Bất động sản,Công ty Cổ phần Vincom Retail
5,BVH,Q3,2021,23.6,2.0,0.087,0.012,2443,28726.0,,,,,,0.129,,,0.2,-0.007,7.7,,,,,,,,,6.5,,0.019,,Bảo hiểm,Tập đoàn Bảo Việt
6,POW,Q3,2021,10.2,0.9,0.094,0.049,1167,12886,,,,,,0.541,,,1.4,0.16,1.8,,,,,,,,,0.7,,0.016,,"Điện, nước & xăng dầu khí đốt",Tổng Công ty Điện lực Dầu khí Việt Nam - CTCP
7,GAS,Q3,2021,25.8,4.4,0.175,0.124,3653,21403,,,,,,0.671,,,2.2,0.049,1.5,,,,,,,,,0.5,,0.051,,"Điện, nước & xăng dầu khí đốt",Tổng Công ty Khí Việt Nam - Công ty Cổ phần
8,ACB,Q3,2021,10.1,2.3,0.258,0.022,2503,10937,0.042,0.206,0.008,1.977,0.038,0.089,0.126,0.396,0.1,0.003,11.3,0.485,0.37,0.728,0.702,0.92,0.792,0.006,0.316,10.3,0.001,0.052,0.131,Ngân hàng,Ngân hàng Thương mại Cổ phần Á Châu
9,BID,Q3,2021,17.8,2.1,0.124,0.006,1752,15089,0.03,0.2,0.016,1.402,0.039,0.051,0.065,0.333,0.1,-0.006,19.6,0.53,0.139,0.813,0.788,1.014,0.801,0.013,0.219,18.6,0.016,0.017,0.16,Ngân hàng,Ngân hàng Thương mại Cổ phần Đầu tư và Phát triển Việt Nam
10,CTG,Q3,2021,9.6,1.7,0.186,0.012,3077,17802,0.032,0.194,0.017,1.186,0.034,0.066,0.088,0.298,0.1,0.008,15.1,0.566,0.201,0.787,0.749,1.011,0.779,0.012,0.242,14.1,0.008,0.025,0.132,Ngân hàng,Ngân hàng Thương mại Cổ phần Công thương Việt Nam
11,HDB,Q3,2021,13.1,2.5,0.226,0.018,1937,10119,0.046,0.108,0.014,0.809,0.045,0.085,0.153,0.381,0.1,0.065,11.8,0.495,0.408,0.594,0.553,0.985,0.603,0.008,0.426,10.8,0.01,0.056,0.164,Ngân hàng,Ngân hàng Thương mại Cổ phần Phát Triển Thành phố Hồ Chí Minh
12,MBB,Q3,2021,10.9,2.1,0.217,0.023,2129,11286,0.054,0.251,0.009,2.328,0.03,0.106,0.175,0.348,0.1,0.064,9.4,0.523,0.359,0.651,0.606,0.978,0.665,0.006,0.385,8.4,0.018,0.052,0.252,Ngân hàng,Ngân hàng Thương mại Cổ phần Quân đội
13,SHB,Q3,2021,16.6,2.7,0.178,0.011,1294,7925,0.036,0.149,0.022,0.554,0.05,0.062,0.085,0.196,0.1,0.187,16.2,0.643,0.321,0.81,0.731,1.047,0.774,0.016,0.196,15.2,0.021,0.08,0.162,Ngân hàng,Ngân hàng Thương mại Cổ phần Sài Gòn – Hà Nội
14,STB,Q3,2021,14.3,1.5,0.11,0.007,1798,17707,0.028,0.211,0.016,1.122,0.042,0.068,0.094,0.577,0.1,-0.022,14.8,0.328,0.152,0.794,0.721,0.851,0.932,0.011,0.227,13.8,0.004,0.099,0.113,Ngân hàng,Ngân hàng Thương mại Cổ phần Sài Gòn Thương Tín
15,TCB,Q3,2021,10.0,2.0,0.221,0.037,4939,25091,0.057,0.232,0.006,1.844,0.023,0.163,0.275,0.299,0.2,0.077,6.1,0.558,0.505,0.644,0.593,1.015,0.634,0.003,0.405,5.1,0.004,0.053,0.392,Ngân hàng,Ngân hàng Thương mại Cổ phần Kỹ thương Việt Nam
16,TPB,Q3,2021,14.7,2.7,0.229,0.02,2091,11245,0.044,0.361,0.01,1.154,0.037,0.095,0.186,0.256,0.1,0.074,10.5,0.595,0.302,0.566,0.511,1.011,0.559,0.005,0.45,9.5,0.026,0.221,0.205,Ngân hàng,Ngân hàng Thương mại Cổ phần Tiên Phong
17,VCB,Q3,2021,19.9,3.8,0.208,0.016,3779,19596,0.033,0.213,0.012,2.429,0.024,0.079,0.117,0.377,0.1,0.029,12.6,0.499,0.347,0.7,0.676,0.845,0.829,0.008,0.347,11.6,0.003,0.044,0.195,Ngân hàng,Ngân hàng Thương mại Cổ phần Ngoại thương Việt Nam
18,VIB,Q3,2021,11.7,3.0,0.294,0.023,2244,8734,0.046,0.13,0.021,0.541,0.041,0.078,0.118,0.464,0.1,-0.038,12.9,0.429,0.36,0.692,0.659,1.101,0.628,0.014,0.332,11.9,0.003,0.053,0.261,Ngân hàng,Ngân hàng Thương mại Cổ phần Quốc tế Việt Nam
19,VPB,Q3,2021,23.7,4.7,0.219,0.027,1547,7855,0.083,0.262,0.04,0.489,0.045,0.13,0.196,0.242,0.1,-0.007,7.7,0.607,0.213,0.723,0.662,1.326,0.545,0.026,0.311,6.7,0.056,0.039,0.141,Ngân hàng,Ngân hàng Thương mại Cổ phần Việt Nam Thịnh Vượng
20,HPG,Q3,2021,7.3,2.8,0.456,0.217,5449,14469,,,,,,0.482,,,0.9,0.262,2.1,,,,,,,,,1.1,,0.14,,Tài nguyên Cơ bản,Công ty Cổ phần Tập đoàn Hòa Phát
21,GVR,Q3,2021,25.8,2.9,0.117,0.069,1371,12293,,,,,,0.62,,,2.1,0.049,1.6,,,,,,,,,0.5,,0.016,,Hóa chất,Tập đoàn Công nghiệp Cao su Việt Nam - Công ty Cổ phần
22,MSN,Q3,2021,70.5,7.8,0.114,0.021,1671,15037,,,,,,0.174,,,0.4,0.141,5.7,,,,,,,,,2.8,,0.008,,Thực phẩm và đồ uống,Công ty Cổ phần Tập đoàn Masan
23,VNM,Q3,2021,16.9,5.7,0.348,0.205,5034,14878,,,,,,0.597,,,1.9,-0.014,1.7,,,,,,,,,0.5,,-0.017,,Thực phẩm và đồ uống,Công ty Cổ phần Sữa Việt Nam
24,SAB,Q3,2021,51.3,9.2,0.187,0.136,2985,16550,,,,,,0.747,,,3.9,-0.199,1.3,,,,,,,,,0.3,,0.02,,Thực phẩm và đồ uống,Tổng Công ty Cổ phần Bia - Rượu - Nước Giải khát Sài Gòn
25,VJC,Q3,2021,58.1,4.1,0.077,0.025,2201,31233,,,,,,0.332,,,0.5,7.059,3.0,,,,,,,,,2.0,,-0.003,,Du lịch và Giải trí,Công ty Cổ phần Hàng không Vietjet
26,MWG,Q3,2021,21.7,4.9,0.252,0.094,2925,12853,,,,,,0.375,,,0.6,-0.037,2.7,,,,,,,,,1.7,,0.03,,Bán lẻ,Công ty Cổ phần Đầu tư Thế Giới Di Động
27,PLX,Q3,2021,20.7,2.7,0.141,0.053,2493,19310,,,,,,0.398,,,0.8,-0.197,2.5,,,,,,,,,1.2,,0.006,,Dầu khí,Tập đoàn Xăng dầu Việt Nam
28,FPT,Q3,2021,24.0,5.7,0.251,0.093,3160,13373,,,,,,0.352,,,0.7,0.051,2.8,,,,,,,,,1.4,,0.012,,Công nghệ Thông tin,Công ty Cổ phần FPT
29,ABC,Q3,2021,17.0,0.8,0.038,0.02,791,15943,,,,,,0.391,,,0.8,-0.361,2.6,,,,,,,,,1.2,,0.007,,Viễn thông,Công ty Cổ phần Truyền thông VMG
30,VGI,Q3,2021,-78.1,3.6,-0.044,-0.023,-439,9666,,,,,,0.544,,,1.2,1.936,1.8,,,,,,,,,0.9,,0.002,,Viễn thông,Tổng Công ty Cổ phần Đầu tư Quốc tế Viettel
31,FOX,Q3,2021,22.0,7.0,0.332,0.118,3702,11677,,,,,,0.337,,,0.5,0.028,3.0,,,,,,,,,1.8,,0.021,,Viễn thông,Công ty Cổ phần Viễn thông FPT
32,PIA,Q3,2021,7.9,1.8,0.224,0.158,3157,14229,,,,,,0.777,,,3.5,-0.091,1.3,,,,,,,,,0.3,,0.014,,Viễn thông,Công ty Cổ phần Tin học Viễn thông Petrolimex
33,TTN,Q3,2021,11.9,1.5,0.13,0.078,1074,8313,,,,,,0.633,,,1.7,-0.177,1.6,,,,,,,,,0.6,,0.019,,Viễn thông,Công ty Cổ phần Công nghệ & Truyền thông Việt Nam
34,AGR,Q3,2021,10.9,1.5,0.146,0.135,1488,10856.0,,,,,,0.92,,,11.6,-0.08,1.1,,,,,,,,,0.1,,0.023,,Dịch vụ tài chính,Công ty Cổ phần Chứng khoán AGRIBANK
35,APG,Q3,2021,21.6,2.4,0.154,0.144,602,5315.0,,,,,,0.913,,,10.5,0.735,1.1,,,,,,,,,0.1,,0.891,,Dịch vụ tài chính,Công ty Cổ phần Chứng khoán APG
36,APS,Q3,2021,9.9,1.9,0.273,0.264,2118,11139.0,,,,,,0.963,,,26.2,0.893,1.0,,,,,,,,,0.0,,1.113,,Dịch vụ tài chính,Công ty Cổ phần Chứng khoán Châu Á - Thái Bình Dương
37,BCG,Q3,2021,9.8,1.9,0.273,0.026,1263,6533,,,,,,0.099,,,0.2,0.247,10.1,,,,,,,,,4.6,,0.347,,Dịch vụ tài chính,Công ty Cổ phần Tập đoàn Bamboo Capital
38,BMS,Q3,2021,6.9,1.9,0.311,0.203,3045,11339,,,,,,0.605,,,1.5,-0.076,1.7,,,,,,,,,0.7,,-0.052,,Dịch vụ tài chính,Công ty Cổ phần Chứng khoán Bảo Minh
39,BSI,Q3,2021,17.6,3.3,0.198,0.084,1521,8109.0,,,,,,0.318,,,0.5,0.132,3.1,,,,,,,,,2.1,,0.068,,Dịch vụ tài chính,Công ty Cổ phần Chứng khoán BIDV
40,BVS,Q3,2021,9.7,1.1,0.117,0.06,3226,29066.0,,,,,,0.396,,,0.7,-0.002,2.5,,,,,,,,,1.5,,0.026,,Dịch vụ tài chính,Công ty Cổ phần Chứng khoán Bảo Việt
41,CTS,Q3,2021,9.7,1.8,0.202,0.07,2005,10907.0,,,,,,0.294,,,0.4,0.047,3.4,,,,,,,,,2.4,,0.019,,Dịch vụ tài chính,Công ty Cổ phần Chứng khoán Ngân hàng Công thương Việt Nam
42,DSC,Q3,2021,1871.0,4.0,0.004,0.003,10,4921,,,,,,0.814,,,4.4,-2.667,1.2,,,,,,,,,0.2,,14.421,,Dịch vụ tài chính,Công ty Cổ phần Chứng khoán DSC
43,EVF,Q3,2021,17.4,2.1,0.124,0.016,660,5523,0.045,-0.022,0.026,0.729,0.069,0.122,0.291,0.282,0.1,0.01,8.2,0.574,0.416,0.444,0.419,2.727,0.163,0.011,0.642,7.2,0.046,0.023,0.39,Dịch vụ tài chính,Công ty Tài chính Cổ phần Điện Lực
44,FIT,Q3,2021,27.0,1.2,0.047,0.028,432,9383,,,,,,0.585,,,4.2,0.061,1.7,,,,,,,,,0.2,,0.0,,Dịch vụ tài chính,Công ty Cổ phần Tập đoàn F.I.T
45,ART,Q3,2021,106.4,0.8,0.008,0.008,90,11683,,,,,,0.991,,,116.4,1.855,1.0,,,,,,,,,0.0,,0.006,,Dịch vụ tài chính,Công ty Cổ phần Chứng khoán BOS
46,FTS,Q3,2021,12.0,3.3,0.315,0.167,3601,13088,,,,,,0.43,,,0.8,0.474,2.3,,,,,,,,,1.3,,0.098,,Dịch vụ tài chính,Công ty Cổ phần Chứng khoán FPT
47,AAS,Q3,2021,40.0,4.2,0.152,0.113,450,4252,,,,,,0.77,,,3.4,-9.135,1.3,,,,,,,,,0.3,,1.776,,Dịch vụ tài chính,Công ty Cổ phần Chứng khoán SmartInvest
48,HBS,Q3,2021,62.8,1.0,0.016,0.015,183,11874.0,,,,,,0.994,,,175.7,0.097,1.0,,,,,,,,,0.0,,0.001,,Dịch vụ tài chính,Công ty Cổ phần Chứng khoán Hòa Bình
49,HCM,Q3,2021,16.9,3.5,0.221,0.075,2320,11206.0,,,,,,0.271,,,0.4,0.199,3.7,,,,,,,,,2.7,,0.066,,Dịch vụ tài chính,Công ty Cổ phần Chứng khoán Thành phố Hồ Chí Minh
50,HAC,Q3,2021,9.0,1.0,0.118,0.109,1283,11179,,,,,,0.875,,,7.0,0.246,1.1,,,,,,,,,0.1,,0.031,,Dịch vụ tài chính,Công ty Cổ phần Chứng khoán Hải Phòng
51,IBC,Q3,2021,9.9,2.1,0.241,0.054,2219,10413,,,,,,0.216,,,0.4,-0.232,4.6,,,,,,,,,2.7,,0.043,,Dịch vụ tài chính,Công ty Cổ phần Đầu tư APAX Holdings
52,IVS,Q3,2021,22.7,1.1,0.051,0.051,515,10182.0,,,,,,0.988,,,80.0,0.251,1.0,,,,,,,,,0.0,,0.015,,Dịch vụ tài chính,Công ty Cổ phần Chứng khoán Guotai Junan (Việt Nam)
53,EVS,Q3,2021,21.0,5.2,0.288,0.149,1525,6133,,,,,,0.429,,,0.8,0.085,2.3,,,,,,,,,1.3,,0.06,,Dịch vụ tài chính,Công ty Cổ phần Chứng khoán Everest
54,OGC,Q3,2021,18.3,3.4,0.205,0.028,343,1830,,,,,,0.159,,,0.6,0.058,6.3,,,,,,,,,1.7,,0.082,,Dịch vụ tài chính,Công ty Cổ phần Tập đoàn Đại Dương
55,ORS,Q3,2021,26.2,2.5,0.16,0.053,1006,10708.0,,,,,,0.35,,,0.5,0.035,2.9,,,,,,,,,1.9,,0.927,,Dịch vụ tài chính,Công ty Cổ phần Chứng khoán Tiên Phong
56,CSI,Q3,2021,36.0,1.7,0.047,0.047,488,10582,,,,,,0.989,,,94.2,0.139,1.0,,,,,,,,,0.0,,0.02,,Dịch vụ tài chính,Công ty Cổ phần Chứng khoán Kiến thiết Việt Nam
57,PHS,Q3,2021,23.8,1.7,0.089,0.041,752,10383.0,,,,,,0.416,,,0.7,0.28,2.4,,,,,,,,,1.4,,0.528,,Dịch vụ tài chính,Công ty Cổ phần Chứng khoán Phú Hưng
58,PSI,Q3,2021,22.8,1.2,0.053,0.021,553,10621.0,,,,,,0.316,,,0.5,0.843,3.2,,,,,,,,,2.2,,0.004,,Dịch vụ tài chính,Công ty Cổ phần Chứng khoán Dầu khí
59,SBS,Q3,2021,213.1,10.1,0.048,0.027,68,1449.0,,,,,,0.446,,,0.8,0.031,2.2,,,,,,,,,1.2,,0.013,,Dịch vụ tài chính,Công ty Cổ phần Chứng khoán SBS
60,SHS,Q3,2021,13.2,3.8,0.339,0.138,1445,5036.0,,,,,,0.408,,,0.7,0.1,2.4,,,,,,,,,1.4,,-0.058,,Dịch vụ tài chính,Công ty Cổ phần Chứng khoán Sài Gòn - Hà Nội
61,TCI,Q3,2021,9.7,2.1,0.277,0.199,1483,6835,,,,,,0.693,,,2.3,0.133,1.4,,,,,,,,,0.4,,0.066,,Dịch vụ tài chính,Công ty Cổ phần Chứng khoán Thành Công
62,MBS,Q3,2021,21.2,3.4,0.197,0.065,1173,7405,,,,,,0.304,,,0.4,0.305,3.3,,,,,,,,,2.3,,0.06,,Dịch vụ tài chính,Công ty Cổ phần Chứng khoán MB
63,TVB,Q3,2021,9.9,1.7,0.239,0.172,1956,11062.0,,,,,,0.785,,,3.7,0.104,1.3,,,,,,,,,0.3,,0.466,,Dịch vụ tài chính,Công ty Cổ phần Chứng khoán Trí Việt
64,TVC,Q3,2021,5.4,1.4,0.369,0.125,3123,12369,,,,,,0.392,,,1.1,0.54,2.5,,,,,,,,,0.9,,0.424,,Dịch vụ tài chính,Công ty Cổ phần Tập đoàn Quản lý Tài sản Trí Việt
65,TVS,Q3,2021,9.4,2.9,0.36,0.095,3305,10611.0,,,,,,0.275,,,0.4,0.0,3.6,,,,,,,,,2.6,,0.045,,Dịch vụ tài chính,Công ty Cổ phần Chứng khoán Thiên Việt
66,VCI,Q3,2021,14.3,3.1,0.267,0.135,3157,14485,,,,,,0.464,,,0.9,0.204,2.2,,,,,,,,,1.2,,0.195,,Dịch vụ tài chính,Công ty Cổ phần Chứng khoán Vietcap
67,VDS,Q3,2021,10.3,2.9,0.326,0.137,2012,7114.0,,,,,,0.384,,,0.6,0.096,2.6,,,,,,,,,1.6,,0.051,,Dịch vụ tài chính,Công ty Cổ phần Chứng khoán Rồng Việt
68,VFS,Q3,2021,28.8,2.6,0.101,0.087,411,4494,,,,,,0.912,,,10.3,0.005,1.1,,,,,,,,,0.1,,0.125,,Dịch vụ tài chính,Công ty Cổ phần Chứng khoán Nhất Việt
69,VIG,Q3,2021,-59.5,2.2,-0.036,-0.033,-152,4156.0,,,,,,0.892,,,8.3,0.049,1.1,,,,,,,,,0.1,,-0.008,,Dịch vụ tài chính,Công ty Cổ phần Chứng khoán Đầu tư Tài chính Việt Nam
70,VIX,Q3,2021,11.6,3.5,0.359,0.287,1055,3470.0,,,,,,0.776,,,3.5,-0.003,1.3,,,,,,,,,0.3,,0.068,,Dịch vụ tài chính,Công ty Cổ phần Chứng khoán VIX
71,VND,Q3,2021,13.7,2.9,0.297,0.086,1479,7014.0,,,,,,0.299,,,0.4,0.239,3.3,,,,,,,,,2.3,,0.767,,Dịch vụ tài chính,Công ty Cổ phần Chứng khoán VNDIRECT
72,WSS,Q3,2021,213.1,1.1,0.005,0.005,51,10010.0,,,,,,0.99,,,103.9,-0.942,1.0,,,,,,,,,0.0,,-0.069,,Dịch vụ tài chính,Công ty Cổ phần Chứng khoán Phố Wall
73,AAV,Q3,2021,63.5,5.0,0.082,0.051,450,5697,,,,,,0.642,,,2.1,0.406,1.6,,,,,,,,,0.5,,0.025,,Bất động sản,Công ty Cổ phần AAV Group
74,AGG,Q3,2021,9.7,2.2,0.249,0.041,3363,15149,,,,,,0.16,,,0.3,0.001,6.2,,,,,,,,,3.8,,0.005,,Bất động sản,Công ty Cổ phần Đầu tư và Phát triển Bất động sản An Gia
75,AMD,Q3,2021,37.3,0.4,0.011,0.008,128,11288,,,,,,0.653,,,2.3,0.168,1.5,,,,,,,,,0.4,,0.001,,Bất động sản,Công ty Cổ phần Đầu tư và Khoáng sản FLC Stone
76,API,Q3,2021,43.5,6.3,0.153,0.03,1027,7072,,,,,,0.201,,,0.3,0.508,5.0,,,,,,,,,3.9,,0.079,,Bất động sản,Công ty Cổ phần Đầu tư Châu Á - Thái Bình Dương
77,BII,Q3,2021,7.9,1.7,0.249,0.133,2254,10276,,,,,,0.467,,,0.9,0.04,2.1,,,,,,,,,1.1,,0.006,,Bất động sản,Công ty Cổ phần Đầu tư và Phát triển Công nghiệp Bảo Thư
78,MH3,Q3,2021,24.9,6.4,0.25,0.062,2440,9526,,,,,,0.25,,,0.3,-0.024,4.0,,,,,,,,,3.0,,0.043,,Bất động sản,Công ty Cổ phần Khu công nghiệp Cao su Bình Long
79,C21,Q3,2021,99.2,0.4,0.004,0.003,134,35094,,,,,,0.747,,,3.2,-0.526,1.3,,,,,,,,,0.3,,-0.006,,Bất động sản,Công ty Cổ phần Thế kỷ 21
80,CCL,Q3,2021,8.2,1.1,0.144,0.072,1439,10311,,,,,,0.5,,,1.0,-0.029,2.0,,,,,,,,,1.0,,0.011,,Bất động sản,Công ty Cổ phần Đầu tư và Phát triển Đô thị Dầu khí Cửu Long
81,CRE,Q3,2021,19.4,3.6,0.202,0.103,938,5001,,,,,,0.422,,,0.7,0.057,2.4,,,,,,,,,1.3,,0.033,,Bất động sản,Công ty Cổ phần Bất động sản Thế Kỷ
82,CEO,Q3,2021,-34.0,1.9,-0.055,-0.021,-303,5400,,,,,,0.396,,,0.9,0.474,2.5,,,,,,,,,1.2,,-0.012,,Bất động sản,Công ty Cổ phần Tập đoàn C.E.O
83,CKG,Q3,2021,22.0,2.4,0.13,0.021,1104,10192,,,,,,0.192,,,0.3,-0.099,5.2,,,,,,,,,4.0,,0.003,,Bất động sản,Công ty Cổ phần Tập đoàn Tư vấn Đầu tư Xây dựng Kiên Giang
84,D11,Q3,2021,2.3,1.0,0.518,0.132,9935,22761,,,,,,0.417,,,0.7,0.127,2.4,,,,,,,,,1.4,,0.053,,Bất động sản,Công ty Cổ phần Địa ốc 11
85,D2D,Q3,2021,5.4,1.4,0.284,0.142,9192,34955,,,,,,0.553,,,1.2,0.228,1.8,,,,,,,,,0.8,,0.04,,Bất động sản,Công ty Cổ phần Phát triển Đô thị Công nghiệp số 2
86,DIG,Q3,2021,24.2,3.1,0.141,0.059,1051,8280,,,,,,0.363,,,0.6,-0.038,2.8,,,,,,,,,1.7,,0.055,,Bất động sản,Tổng Công ty Cổ phần Đầu tư Phát triển Xây dựng
87,DRH,Q3,2021,86.1,1.8,0.021,0.007,142,6837,,,,,,0.328,,,0.5,-0.261,3.0,,,,,,,,,2.0,,0.002,,Bất động sản,Công ty Cổ phần DRH Holdings
88,DTA,Q3,2021,59.3,1.8,0.031,0.01,317,10426,,,,,,0.282,,,0.4,0.501,3.5,,,,,,,,,2.5,,-0.001,,Bất động sản,Công ty Cổ phần Đệ Tam
89,DXG,Q3,2021,16.2,1.6,0.111,0.033,1177,11951,,,,,,0.298,,,0.8,-0.054,3.4,,,,,,,,,1.2,,0.0,,Bất động sản,Công ty Cổ phần Tập đoàn Đất Xanh
90,LEC,Q3,2021,55.3,1.0,0.019,0.006,220,11977,,,,,,0.307,,,0.5,-0.205,3.3,,,,,,,,,2.0,,0.0,,Bất động sản,Công ty Cổ phần Bất động sản Điện lực Miền Trung
91,FDC,Q3,2021,33.3,0.9,0.026,0.018,402,15513,,,,,,0.765,,,3.3,0.28,1.3,,,,,,,,,0.3,,0.0,,Bất động sản,Công ty Cổ phần Ngoại thương và Phát triển Đầu tư Thành phố Hồ Chí Minh
92,FID,Q3,2021,53.0,0.6,0.011,0.01,101,9586,,,,,,0.821,,,4.6,-4.092,1.2,,,,,,,,,0.2,,0.0,,Bất động sản,Công ty Cổ phần Đầu tư và Phát triển Doanh nghiệp Việt Nam
93,VBB,Q3,2021,24.0,1.5,0.062,0.004,706,11646,0.011,0.249,0.026,0.419,0.058,0.059,0.118,0.709,0.1,-0.034,17.0,0.229,0.131,0.53,0.498,0.7,0.756,0.013,0.483,16.0,0.0,0.013,0.101,Ngân hàng,Ngân hàng Thương mại Cổ phần Việt Nam Thương Tín
94,CAP,Q3,2021,7.9,4.2,0.613,0.468,6259,11884,,,,,,0.782,,,3.6,0.225,1.3,,,,,,,,,0.3,,0.297,,Tài nguyên Cơ bản,Công ty Cổ phần Lâm Nông sản Thực phẩm Yên Bái
95,DHC,Q3,2021,11.9,3.9,0.375,0.238,6748,20627,,,,,,0.667,,,2.0,0.036,1.5,,,,,,,,,0.5,,0.056,,Tài nguyên Cơ bản,Công ty Cổ phần Đông Hải Bến Tre
96,DLG,Q3,2021,-3.6,0.6,-0.142,-0.042,-1130,7401,,,,,,0.298,,,0.5,-0.42,3.4,,,,,,,,,2.1,,0.005,,Tài nguyên Cơ bản,Công ty Cổ phần Tập đoàn Đức Long Gia Lai
97,GTA,Q3,2021,10.5,1.0,0.092,0.033,1509,16304,,,,,,0.319,,,0.5,-0.332,3.1,,,,,,,,,2.1,,-0.011,,Tài nguyên Cơ bản,Công ty Cổ phần Chế biến Gỗ Thuận An
98,HAP,Q3,2021,25.4,1.8,0.072,0.062,456,6608,,,,,,0.889,,,8.9,0.139,1.1,,,,,,,,,0.1,,0.015,,Tài nguyên Cơ bản,Công ty Cổ phần Tập Đoàn Hapaco
99,HHP,Q3,2021,25.5,3.1,0.134,0.061,483,4000,,,,,,0.467,,,1.0,0.07,2.1,,,,,,,,,1.0,,0.031,,Tài nguyên Cơ bản,Công ty Cổ phần HHP Global
100,MDF,Q3,2021,10.7,1.2,0.12,0.063,1513,13174,,,,,,0.553,,,1.2,0.068,1.8,,,,,,,,,0.8,,0.021,,Tài nguyên Cơ bản,Công ty Cổ phần Gỗ MDF VRG - Quảng Trị
101,PIS,Q3,2021,12.4,0.9,0.069,0.041,813,11738,,,,,,0.575,,,1.7,-0.183,1.7,,,,,,,,,0.6,,0.007,,Tài nguyên Cơ bản,Tổng Công ty Pisico Bình Định - Công ty Cổ phần
102,PTB,Q3,2021,10.5,2.4,0.252,0.1,7545,32859,,,,,,0.395,,,0.7,0.149,2.5,,,,,,,,,1.5,,0.081,,Tài nguyên Cơ bản,Công ty Cổ phần Phú Tài
103,SAV,Q3,2021,9.7,1.6,0.17,0.097,2368,14695,,,,,,0.59,,,1.4,-0.104,1.7,,,,,,,,,0.7,,0.025,,Tài nguyên Cơ bản,Công ty Cổ phần Hợp tác Kinh tế và Xuất nhập khẩu Savimex
104,SVT,Q3,2021,5.3,1.1,0.243,0.24,2341,10803,,,,,,0.988,,,83.8,0.124,1.0,,,,,,,,,0.0,,0.032,,Tài nguyên Cơ bản,Công ty Cổ phần Công nghệ Sài Gòn Viễn Đông
105,TTF,Q3,2021,-97.7,-6.6,0.072,-0.012,-74,-1094,,,,,,-0.169,,,-0.2,0.702,-5.9,,,,,,,,,-5.6,,-0.003,,Tài nguyên Cơ bản,Công ty Cổ phần Tập đoàn Kỹ nghệ Gỗ Trường Thành
106,VID,Q3,2021,9.9,0.7,0.077,0.03,788,10660,,,,,,0.355,,,0.8,0.336,2.8,,,,,,,,,1.2,,0.03,,Tài nguyên Cơ bản,Công ty Cổ phần Đầu tư Phát triển Thương mại Viễn Đông
107,VIF,Q3,2021,18.3,1.2,0.064,0.057,869,13431,,,,,,0.877,,,8.3,-0.159,1.1,,,,,,,,,0.1,,0.002,,Tài nguyên Cơ bản,Tổng Công ty Lâm nghiệp Việt Nam - Công ty Cổ phần
108,CBI,Q3,2021,3.6,3.2,1.622,0.189,8155,9104,,,,,,0.233,,,0.3,0.284,4.3,,,,,,,,,3.3,,0.257,,Tài nguyên Cơ bản,Công ty Cổ phần Gang thép Cao Bằng
109,TTS,Q3,2021,41.0,2.1,0.052,0.012,285,5657,,,,,,0.208,,,0.3,0.141,4.8,,,,,,,,,3.8,,0.007,,Tài nguyên Cơ bản,Công ty Cổ phần Cán thép Thái Trung
110,DTL,Q3,2021,12.4,2.1,0.187,0.079,2896,17117,,,,,,0.512,,,1.0,0.48,2.0,,,,,,,,,1.0,,0.016,,Tài nguyên Cơ bản,Công ty Cổ phần Đại Thiên Lộc
111,HMC,Q3,2021,3.0,1.1,0.392,0.166,6113,17420,,,,,,0.399,,,0.7,-0.047,2.5,,,,,,,,,1.5,,0.024,,Tài nguyên Cơ bản,Công ty Cổ phần Kim khí Thành phố Hồ Chí Minh - VNSTEEL
112,HSG,Q3,2021,6.6,2.6,0.496,0.194,7001,17557.0,,,,,,0.406,,,0.7,0.128,2.5,,,,,,,,,1.5,,,,Tài nguyên Cơ bản,Công ty Cổ phần Tập đoàn Hoa Sen
113,ITQ,Q3,2021,31.2,1.0,0.033,0.018,265,8329,,,,,,0.534,,,1.1,0.298,1.9,,,,,,,,,0.9,,0.009,,Tài nguyên Cơ bản,Công ty Cổ phần Tập đoàn Thiên Quang
114,KKC,Q3,2021,6.1,1.8,0.336,0.199,4432,14681,,,,,,0.742,,,2.9,-0.1,1.3,,,,,,,,,0.3,,0.004,,Tài nguyên Cơ bản,Công ty Cổ phần Tập đoàn Thành Thái
115,KMT,Q3,2021,4.8,0.6,0.13,0.022,1714,13818,,,,,,0.169,,,0.2,-0.086,5.9,,,,,,,,,4.9,,0.0,,Tài nguyên Cơ bản,Công ty Cổ phần Kim khí Miền Trung
116,KTL,Q3,2021,12.0,1.2,0.097,0.036,1892,19010,,,,,,0.368,,,0.6,-0.232,2.7,,,,,,,,,1.7,,-0.035,,Tài nguyên Cơ bản,Công ty Cổ phần Kim khí Thăng Long
117,KVC,Q3,2021,-7.0,0.5,-0.072,-0.054,-747,10037,,,,,,0.791,,,3.8,-0.03,1.3,,,,,,,,,0.3,,-0.017,,Tài nguyên Cơ bản,Công ty Cổ phần Sản xuất Xuất nhập khẩu Inox Kim Vĩ
118,MEL,Q3,2021,4.0,1.0,0.285,0.099,4168,16708,,,,,,0.439,,,0.8,0.372,2.3,,,,,,,,,1.3,,0.081,,Tài nguyên Cơ bản,Công ty Cổ phần Thép Mê Lin
119,MHL,Q3,2021,-5.2,0.8,-0.104,-0.022,-929,5976,,,,,,0.157,,,0.2,-6.571,6.4,,,,,,,,,5.4,,-0.453,,Tài nguyên Cơ bản,Công ty Cổ phần Minh Hữu Liên
120,NKG,Q3,2021,4.9,1.8,0.461,0.16,7318,20046,,,,,,0.334,,,0.5,0.374,3.0,,,,,,,,,2.0,,0.155,,Tài nguyên Cơ bản,Công ty Cổ phần Thép Nam Kim
121,PAS,Q3,2021,12.8,1.4,0.113,0.056,1380,12732,,,,,,0.45,,,0.8,1.596,2.2,,,,,,,,,1.2,,0.078,,Tài nguyên Cơ bản,Công ty Cổ phần Quốc tế Phương Anh
122,POM,Q3,2021,13.5,1.2,0.097,0.028,1227,13327,,,,,,0.271,,,0.4,-0.036,3.7,,,,,,,,,2.7,,0.004,,Tài nguyên Cơ bản,Công ty Cổ phần Thép Pomina
123,SHA,Q3,2021,13.5,0.7,0.05,0.022,568,11687,,,,,,0.416,,,0.7,-0.259,2.4,,,,,,,,,1.4,,-0.002,,Tài nguyên Cơ bản,Công ty Cổ phần Sơn Hà Sài Gòn
124,NSH,Q3,2021,27.5,1.4,0.052,0.015,604,11782,,,,,,0.288,,,0.4,0.397,3.5,,,,,,,,,2.5,,0.02,,Tài nguyên Cơ bản,Công ty Cổ phần Tập đoàn Nhôm Sông Hồng Shalumi
125,SHI,Q3,2021,30.0,1.9,0.064,0.015,426,6915,,,,,,0.211,,,0.3,-0.271,4.7,,,,,,,,,2.9,,-0.011,,Tài nguyên Cơ bản,Công ty Cổ phần Quốc tế Sơn Hà
126,SMC,Q3,2021,3.0,1.3,0.526,0.135,13261,31427,,,,,,0.262,,,0.4,0.031,3.8,,,,,,,,,2.7,,0.058,,Tài nguyên Cơ bản,Công ty Cổ phần Đầu tư Thương mại SMC
127,SSM,Q3,2021,-10.8,0.5,-0.048,-0.028,-651,13210,,,,,,0.7,,,2.3,4.631,1.4,,,,,,,,,0.4,,-0.026,,Tài nguyên Cơ bản,Công ty Cổ phần Chế tạo kết cấu thép VNECO.SSM
128,TDS,Q3,2021,5.9,1.0,0.175,0.105,4030,24456,,,,,,0.557,,,1.3,-0.054,1.8,,,,,,,,,0.8,,-0.002,,Tài nguyên Cơ bản,Công ty Cổ phần Thép Thủ Đức - VNSTEEL
129,TIS,Q3,2021,21.0,1.2,0.058,0.012,625,11046,,,,,,0.202,,,0.3,0.089,5.0,,,,,,,,,3.9,,0.018,,Tài nguyên Cơ bản,Công ty Cổ phần Gang thép Thái Nguyên
130,TKU,Q3,2021,12.2,2.3,0.207,0.098,2429,12883,,,,,,0.464,,,0.9,0.009,2.2,,,,,,,,,1.2,,0.022,,Tài nguyên Cơ bản,Công ty Cổ phần Công nghiệp Tung Kuang
131,TLH,Q3,2021,5.0,1.3,0.303,0.153,4308,16120,,,,,,0.529,,,1.2,0.226,1.9,,,,,,,,,0.9,,0.059,,Tài nguyên Cơ bản,Công ty Cổ phần Tập đoàn Thép Tiến Lên
132,TNA,Q3,2021,18.2,1.1,0.06,0.015,677,11552,,,,,,0.237,,,0.3,-0.244,4.2,,,,,,,,,3.2,,0.002,,Tài nguyên Cơ bản,Công ty Cổ phần Thương mại Xuất nhập khẩu Thiên Nam
133,TNS,Q3,2021,7.7,6.9,1.653,0.059,1181,1305,,,,,,0.062,,,0.1,0.242,16.1,,,,,,,,,15.1,,0.557,,Tài nguyên Cơ bản,Công ty Cổ phần Thép Tấm Lá Thống Nhất
134,TNI,Q3,2021,482.2,0.4,0.001,0.0,8,11187,,,,,,0.551,,,1.2,-1.084,1.8,,,,,,,,,0.8,,0.004,,Tài nguyên Cơ bản,Công ty Cổ phần Tập đoàn Thành Nam
135,VCA,Q3,2021,4.7,0.9,0.201,0.121,3064,16206,,,,,,0.545,,,1.2,-0.039,1.8,,,,,,,,,0.8,,0.008,,Tài nguyên Cơ bản,Công ty Cổ phần Thép VICASA - VNSTEEL
136,VGS,Q3,2021,9.5,1.8,0.205,0.08,2927,15246,,,,,,0.402,,,0.7,0.096,2.5,,,,,,,,,1.5,,0.047,,Tài nguyên Cơ bản,Công ty Cổ phần Ống thép Việt Đức VG PIPE
137,TMG,Q3,2021,6.2,3.5,0.611,0.302,7983,14336,,,,,,0.463,,,0.9,0.297,2.2,,,,,,,,,1.2,,0.004,,Tài nguyên Cơ bản,Công ty Cổ phần Kim loại màu Thái Nguyên - Vimico
138,TVN,Q3,2021,10.0,1.2,0.125,0.048,1691,14359,,,,,,0.365,,,0.7,0.028,2.7,,,,,,,,,1.4,,0.006,,Tài nguyên Cơ bản,Tổng Công ty Thép Việt Nam - Công ty Cổ phần
139,ACM,Q3,2021,-3.1,0.5,-0.146,-0.103,-1126,7131,,,,,,0.681,,,2.1,-0.003,1.5,,,,,,,,,0.5,,-0.007,,Tài nguyên Cơ bản,Công ty Cổ phần Tập đoàn Khoáng sản Á Cường
140,AMC,Q3,2021,8.6,1.3,0.156,0.085,2657,17136,,,,,,0.596,,,1.5,-0.138,1.7,,,,,,,,,0.7,,0.033,,Tài nguyên Cơ bản,Công ty Cổ phần Khoáng sản Á Châu
141,ATG,Q3,2021,-49.4,0.3,-0.006,-0.005,-54,8366,,,,,,0.911,,,10.2,-1.147,1.1,,,,,,,,,0.1,,-0.001,,Tài nguyên Cơ bản,Công ty Cổ phần An Trường An
142,BKC,Q3,2021,-2.2,1.0,-0.381,-0.109,-3749,7959,,,,,,0.242,,,0.3,0.182,4.1,,,,,,,,,3.1,,-0.101,,Tài nguyên Cơ bản,Công ty Cổ phần Khoáng sản Bắc Kạn
143,BMC,Q3,2021,23.5,1.7,0.075,0.063,1239,17154,,,,,,0.878,,,7.2,-0.034,1.1,,,,,,,,,0.1,,0.015,,Tài nguyên Cơ bản,Công ty Cổ phần Khoáng sản Bình Định
144,DHM,Q3,2021,-20.2,1.3,-0.06,-0.035,-644,9926,,,,,,0.535,,,1.1,-0.588,1.9,,,,,,,,,0.9,,0.12,,Tài nguyên Cơ bản,Công ty Cổ phần Thương mại & Khai thác Khoáng sản Dương Hiếu
145,HGM,Q3,2021,6.9,2.3,0.37,0.316,5027,15133,,,,,,0.845,,,5.4,1.206,1.2,,,,,,,,,0.2,,0.131,,Tài nguyên Cơ bản,Công ty Cổ phần Cơ khí và Khoáng sản Hà Giang
146,HLC,Q3,2021,7.9,1.3,0.172,0.015,2033,12012,,,,,,0.096,,,0.1,0.213,10.4,,,,,,,,,9.4,,0.034,,Tài nguyên Cơ bản,Công ty Cổ phần Than Hà Lầm - Vinacomin
147,HPM,Q3,2021,21.7,1.9,0.09,0.061,530,6130,,,,,,0.68,,,2.1,2.595,1.5,,,,,,,,,0.5,,0.022,,Tài nguyên Cơ bản,Công ty Cổ phần Xây dựng Thương mại và Khoáng sản Hoàng Phúc
148,KSB,Q3,2021,9.0,1.5,0.18,0.072,3754,22569,,,,,,0.434,,,0.8,-0.006,2.3,,,,,,,,,1.3,,0.023,,Tài nguyên Cơ bản,Công ty Cổ phần Khoáng sản và Xây dựng Bình Dương
149,KSH,Q3,2021,-417.2,0.5,-0.001,-0.001,-9,8075,,,,,,0.936,,,28.6,0.191,1.1,,,,,,,,,0.0,,-0.06,,Tài nguyên Cơ bản,Công ty Cổ phần Damac GLS
150,KSQ,Q3,2021,47.3,0.6,0.014,0.012,145,10784,,,,,,0.856,,,6.0,0.415,1.2,,,,,,,,,0.2,,0.004,,Tài nguyên Cơ bản,Công ty Cổ phần CNC Capital Việt Nam
151,KSV,Q3,2021,14.3,3.6,0.276,0.069,3145,12370,,,,,,0.244,,,0.4,0.221,4.1,,,,,,,,,2.5,,0.056,,Tài nguyên Cơ bản,Tổng Công ty Khoáng sản TKV - Công ty Cổ phần
152,LCM,Q3,2021,25.7,0.4,0.014,0.012,122,8930,,,,,,0.879,,,10.3,-0.063,1.1,,,,,,,,,0.1,,0.002,,Tài nguyên Cơ bản,Công ty Cổ phần Khai thác và Chế biến Khoáng sản Lào Cai
153,VDL,Q3,2021,46.2,1.4,0.031,0.028,415,13714,,,,,,0.916,,,11.0,-0.355,1.1,,,,,,,,,0.1,,-0.01,,Thực phẩm và đồ uống,Công ty Cổ phần Thực phẩm Lâm Đồng
154,VTL,Q3,2021,-7.2,9.6,-0.798,-0.155,-2118,1575,,,,,,0.124,,,0.1,0.44,8.0,,,,,,,,,7.0,,-0.204,,Thực phẩm và đồ uống,Công ty Cổ phần Vang Thăng Long
155,WSB,Q3,2021,7.9,1.1,0.145,0.117,6687,46983,,,,,,0.791,,,3.8,-0.185,1.3,,,,,,,,,0.3,,-0.004,,Thực phẩm và đồ uống,Công ty Cổ phần Bia Sài Gòn - Miền Tây
156,CLC,Q3,2021,6.6,1.1,0.173,0.125,4904,29036,,,,,,0.695,,,2.3,-0.03,1.4,,,,,,,,,0.4,,0.051,,Hàng cá nhân & Gia dụng,Công ty Cổ phần Cát Lợi
157,HJC,Q3,2021,7.8,0.6,0.079,0.05,910,11969,,,,,,0.553,,,1.2,-0.324,1.8,,,,,,,,,0.8,,0.001,,Hàng cá nhân & Gia dụng,Công ty Cổ phần Hòa Việt
158,NST,Q3,2021,18.7,0.5,0.029,0.011,448,15415,,,,,,0.382,,,0.6,-0.668,2.6,,,,,,,,,1.6,,0.04,,Hàng cá nhân & Gia dụng,Công ty Cổ phần Ngân Sơn
159,VTJ,Q3,2021,-2.1,0.6,-0.266,-0.242,-2469,8249,,,,,,0.837,,,5.1,-0.025,1.2,,,,,,,,,0.2,,0.007,,Hàng cá nhân & Gia dụng,Công ty Cổ phần Thương mại và Đầu tư VI NA TA BA
160,GLT,Q3,2021,11.8,3.0,0.276,0.164,2797,11208,,,,,,0.555,,,1.5,-0.125,1.8,,,,,,,,,0.7,,0.018,,Hàng cá nhân & Gia dụng,Công ty Cổ phần Kỹ thuật điện Toàn Cầu
161,NHT,Q3,2021,14.5,3.4,0.242,0.068,2155,9308,,,,,,0.259,,,0.7,-0.183,3.9,,,,,,,,,1.4,,0.079,,Hàng cá nhân & Gia dụng,Công ty Cổ phần Sản xuất và Thương mại Nam Hoa
162,DCS,Q3,2021,181.7,0.2,0.001,0.001,11,10483,,,,,,0.903,,,9.3,-0.137,1.1,,,,,,,,,0.1,,0.0,,Hàng cá nhân & Gia dụng,Công ty Cổ phần Tập đoàn Đại Châu
163,DQC,Q3,2021,32.4,0.7,0.021,0.013,704,33574,,,,,,0.659,,,2.0,-0.053,1.5,,,,,,,,,0.5,,0.0,,Hàng cá nhân & Gia dụng,Công ty Cổ phần Tập đoàn Điện Quang
164,GDT,Q3,2021,14.9,3.7,0.253,0.186,3305,13231,,,,,,0.744,,,2.9,-0.185,1.3,,,,,,,,,0.3,,-0.071,,Hàng cá nhân & Gia dụng,Công ty Cổ phần Chế biến Gỗ Đức Thành
165,KSD,Q3,2021,-21.2,0.6,-0.026,-0.026,-222,8328,,,,,,0.963,,,26.0,-0.54,1.0,,,,,,,,,0.0,,0.021,,Hàng cá nhân & Gia dụng,Công ty Cổ phần Đầu tư DNA
166,RAL,Q3,2021,9.6,2.9,0.335,0.089,15310,51086,,,,,,0.241,,,0.3,-0.071,4.1,,,,,,,,,3.1,,0.036,,Hàng cá nhân & Gia dụng,Công ty Cổ phần Bóng đèn Phích nước Rạng Đông
167,SHE,Q3,2021,8.2,1.5,0.195,0.115,1511,8207,,,,,,0.539,,,1.2,-0.083,1.9,,,,,,,,,0.9,,0.041,,Hàng cá nhân & Gia dụng,Công ty Cổ phần Phát triển Năng Lượng Sơn Hà
168,TLG,Q3,2021,11.4,1.8,0.157,0.119,3483,22521,,,,,,0.776,,,3.5,-0.313,1.3,,,,,,,,,0.3,,-0.061,,Hàng cá nhân & Gia dụng,Công ty Cổ phần Tập đoàn Thiên Long
169,XHC,Q3,2021,7.3,2.2,0.304,0.15,3405,11148,,,,,,0.468,,,0.9,0.62,2.1,,,,,,,,,1.1,,0.102,,Hàng cá nhân & Gia dụng,Công ty Cổ phần Xuân Hòa Việt Nam
170,AAT,Q3,2021,42.1,2.9,0.07,0.047,434,6385,,,,,,0.629,,,1.7,-0.028,1.6,,,,,,,,,0.6,,0.005,,Hàng cá nhân & Gia dụng,Công ty Cổ phần Tập đoàn Tiên Sơn Thanh Hóa
171,BDG,Q3,2021,14.7,3.3,0.223,0.121,2832,12711.0,,,,,,0.537,,,1.2,-0.179,1.9,,,,,,,,,0.9,,,,Hàng cá nhân & Gia dụng,Công ty Cổ phần May mặc Bình Dương
172,BKG,Q3,2021,30.3,1.8,0.062,0.052,336,5638,,,,,,0.82,,,5.1,-0.023,1.2,,,,,,,,,0.2,,0.011,,Hàng cá nhân & Gia dụng,Công ty Cổ phần Đầu tư BKG Việt Nam
173,STK,Q3,2021,14.1,3.2,0.247,0.148,2887,12580,,,,,,0.626,,,1.7,0.184,1.6,,,,,,,,,0.6,,0.056,,Hàng cá nhân & Gia dụng,Công ty Cổ phần Sợi Thế Kỷ
174,ADS,Q3,2021,17.8,3.3,0.206,0.049,1463,7957,,,,,,0.264,,,0.4,0.084,3.8,,,,,,,,,2.8,,0.084,,Hàng cá nhân & Gia dụng,Công ty Cổ phần DAMSAN
175,DM7,Q3,2021,2.1,0.4,0.216,0.115,3300,16079,,,,,,0.576,,,1.4,0.043,1.7,,,,,,,,,0.7,,0.054,,Hàng cá nhân & Gia dụng,Công ty Cổ phần Dệt may 7
176,EVE,Q3,2021,15.6,0.8,0.049,0.034,1070,21881,,,,,,0.752,,,3.0,-0.203,1.3,,,,,,,,,0.3,,0.005,,Hàng cá nhân & Gia dụng,Công ty Cổ phần Everpia
177,FTM,Q3,2021,-1.1,1.1,-0.665,-0.118,-3614,3623,,,,,,0.117,,,0.1,-0.061,8.5,,,,,,,,,7.5,,-0.171,,Hàng cá nhân & Gia dụng,Công ty Cổ phần Đầu tư và Phát triển Đức Quân
178,M10,Q3,2021,8.1,1.5,0.194,0.041,2325,12242,,,,,,0.203,,,0.3,0.101,4.9,,,,,,,,,3.9,,0.043,,Hàng cá nhân & Gia dụng,Tổng công ty May 10 - Công ty Cổ phần
179,GIL,Q3,2021,14.2,3.2,0.251,0.106,4606,20406,,,,,,0.464,,,0.9,-0.176,2.2,,,,,,,,,1.1,,0.012,,Hàng cá nhân & Gia dụng,Công ty Cổ phần Sản xuất Kinh doanh Xuất nhập khẩu Bình Thạnh
180,GMC,Q3,2021,19.9,1.3,0.066,0.042,1300,20256,,,,,,0.817,,,4.5,-0.052,1.2,,,,,,,,,0.2,,-0.009,,Hàng cá nhân & Gia dụng,Công ty Cổ phần Garmex Sài Gòn
181,HSM,Q3,2021,10.7,0.5,0.05,0.012,1170,23740,,,,,,0.237,,,0.4,0.227,4.2,,,,,,,,,2.7,,0.022,,Hàng cá nhân & Gia dụng,Tổng Công ty Cổ phần Dệt May Hà Nội
182,HTG,Q3,2021,6.3,1.3,0.229,0.057,3008,14276,,,,,,0.246,,,0.4,0.457,4.1,,,,,,,,,2.8,,0.13,,Hàng cá nhân & Gia dụng,Tổng Công ty Cổ phần Dệt may Hòa Thọ
183,HUG,Q3,2021,7.1,1.7,0.253,0.122,4024,16353,,,,,,0.489,,,1.1,0.03,2.0,,,,,,,,,0.9,,0.099,,Hàng cá nhân & Gia dụng,Tổng công ty May Hưng Yên - Công ty Cổ phần
184,KMR,Q3,2021,45.8,0.7,0.016,0.009,168,10776,,,,,,0.553,,,1.2,-0.203,1.8,,,,,,,,,0.8,,0.002,,Hàng cá nhân & Gia dụng,Công ty Cổ phần Mirae
185,CVT,Q3,2021,13.9,1.9,0.14,0.058,2828,20569,,,,,,0.321,,,0.5,-0.029,3.1,,,,,,,,,2.1,,0.055,,Xây dựng và Vật liệu,Công ty Cổ phần CMC
186,CX8,Q3,2021,-40.5,0.7,-0.017,-0.004,-172,10088,,,,,,0.231,,,0.3,2.438,4.3,,,,,,,,,3.3,,-0.009,,Xây dựng và Vật liệu,Công ty Cổ phần Đầu tư và Xây lắp Constrexim số 8
187,DPG,Q3,2021,8.9,2.7,0.349,0.075,5924,19862,,,,,,0.232,,,0.4,0.228,4.3,,,,,,,,,2.3,,0.056,,Xây dựng và Vật liệu,Công ty Cổ phần Tập đoàn Đạt Phương
188,DC2,Q3,2021,12.5,1.9,0.174,0.032,944,6383,,,,,,0.207,,,0.3,-0.46,4.8,,,,,,,,,3.8,,0.251,,Xây dựng và Vật liệu,Công ty Cổ phần Đầu tư Phát triển - Xây dựng (DIC) số 2
189,DC4,Q3,2021,16.3,1.7,0.11,0.063,794,7545,,,,,,0.545,,,1.2,0.07,1.8,,,,,,,,,0.8,,0.058,,Xây dựng và Vật liệu,Công ty Cổ phần Xây dựng DIC Holdings
190,DHA,Q3,2021,7.5,1.5,0.205,0.19,5936,29534,,,,,,0.934,,,14.2,-0.08,1.1,,,,,,,,,0.1,,0.041,,Xây dựng và Vật liệu,Công ty Cổ phần Hóa An
191,DIC,Q3,2021,-3.9,0.5,-0.11,-0.009,-465,3336,,,,,,0.06,,,0.1,-0.832,16.6,,,,,,,,,14.5,,0.319,,Xây dựng và Vật liệu,Công ty Cổ phần Đầu tư và Thương mại DIC
192,DID,Q3,2021,62.2,0.8,0.013,0.006,141,10633,,,,,,0.463,,,0.9,-0.109,2.2,,,,,,,,,1.2,,0.0,,Xây dựng và Vật liệu,Công ty Cổ phần DIC - Đồng Tiến
193,DIH,Q3,2021,289.1,2.3,0.008,0.001,121,15271,,,,,,0.104,,,0.1,-0.025,9.7,,,,,,,,,8.7,,0.0,,Xây dựng và Vật liệu,Công ty Cổ phần Đầu tư Phát triển Xây dựng - Hội An
194,DLR,Q3,2021,-8.2,-2.3,0.333,-0.055,-849,-3097,,,,,,-0.212,,,-0.2,-0.077,-4.7,,,,,,,,,-5.7,,0.079,,Xây dựng và Vật liệu,Công ty Cổ phần Địa ốc Đà Lạt
195,DNP,Q3,2021,232.4,1.8,0.008,0.001,84,11218,,,,,,0.094,,,0.4,-0.133,10.7,,,,,,,,,2.8,,0.001,,Xây dựng và Vật liệu,Công ty Cổ phần DNP Holding
196,BDT,Q3,2021,12.2,2.1,0.175,0.084,2426,14341,,,,,,0.469,,,0.9,-0.028,2.1,,,,,,,,,1.1,,0.069,,Xây dựng và Vật liệu,Công ty Cổ phần Xây lắp và Vật liệu xây dựng Đồng Tháp
197,DTC,Q3,2021,15.4,1.0,0.066,0.019,674,10340,,,,,,0.309,,,0.4,-0.28,3.2,,,,,,,,,2.2,,-0.043,,Xây dựng và Vật liệu,Công ty Cổ phần Viglacera Đông Triều
198,DSG,Q3,2021,-8.7,3.3,-0.213,-0.102,-659,1735,,,,,,0.333,,,0.5,0.128,3.0,,,,,,,,,2.0,,-0.271,,Xây dựng và Vật liệu,Công ty Cổ phần Kính Đáp Cầu
199,DXV,Q3,2021,-14.8,0.5,-0.03,-0.025,-335,10866,,,,,,0.843,,,5.4,0.632,1.2,,,,,,,,,0.2,,-0.009,,Xây dựng và Vật liệu,Công ty Cổ phần VICEM Vật liệu Xây dựng Đà Nẵng
200,EIC,Q3,2021,4.1,1.0,0.252,0.237,2994,12942,,,,,,0.954,,,20.9,1.326,1.0,,,,,,,,,0.0,,0.13,,Xây dựng và Vật liệu,Công ty Cổ phần EVN Quốc Tế
201,ROS,Q3,2021,16.2,0.5,0.031,0.016,324,10644,,,,,,0.516,,,1.1,-0.006,1.9,,,,,,,,,0.9,,0.0,,Xây dựng và Vật liệu,Công ty Cổ phần Xây dựng FLC FAROS
202,FCM,Q3,2021,15.4,0.6,0.037,0.023,425,11507,,,,,,0.587,,,1.8,0.053,1.7,,,,,,,,,0.6,,0.015,,Xây dựng và Vật liệu,Công ty Cổ phần Khoáng sản FECON
203,FCN,Q3,2021,18.5,1.0,0.052,0.017,737,14288,,,,,,0.296,,,0.5,-0.166,3.4,,,,,,,,,2.0,,0.008,,Xây dựng và Vật liệu,Công ty Cổ phần FECON
204,FIC,Q3,2021,19.0,1.4,0.079,0.04,945,12645,,,,,,0.569,,,1.3,-0.114,1.8,,,,,,,,,0.8,,0.001,,Xây dựng và Vật liệu,Tổng Công ty Vật liệu Xây dựng số 1 - Công ty Cổ phần
205,GAB,Q3,2021,1623.3,17.9,0.011,0.006,120,10919,,,,,,0.549,,,1.2,-0.018,1.8,,,,,,,,,0.8,,0.001,,Xây dựng và Vật liệu,Công ty Cổ phần Đầu tư Khai khoáng & Quản lý Tài sản FLC
206,GMX,Q3,2021,9.3,1.9,0.214,0.141,2378,11588,,,,,,0.636,,,1.7,-0.224,1.6,,,,,,,,,0.6,,0.011,,Xây dựng và Vật liệu,Công ty Cổ phần Gạch ngói Gốm xây dựng Mỹ Xuân
207,HC3,Q3,2021,6.9,0.9,0.141,0.112,4364,32163,,,,,,0.807,,,7.1,-0.058,1.2,,,,,,,,,0.1,,0.033,,Xây dựng và Vật liệu,Công ty Cổ phần Xây dựng số 3 Hải Phòng
208,HID,Q3,2021,9.3,0.8,0.095,0.037,729,8030,,,,,,0.398,,,1.0,-37.962,2.5,,,,,,,,,1.0,,0.006,,Xây dựng và Vật liệu,Công ty Cổ phần Halcom Vietnam
209,HHV,Q3,2021,28.8,1.3,0.046,0.009,703,15655,,,,,,0.193,,,0.3,0.217,5.2,,,,,,,,,3.4,,0.013,,Xây dựng và Vật liệu,Công ty Cổ phần Đầu tư Hạ tầng Giao thông Đèo Cả
210,HAN,Q3,2021,39.2,1.3,0.032,0.008,348,10436,,,,,,0.22,,,0.3,0.024,4.5,,,,,,,,,3.1,,-0.041,,Xây dựng và Vật liệu,Tổng Công ty Xây dựng Hà Nội - CTCP
211,HAS,Q3,2021,23.8,0.6,0.027,0.018,483,18051,,,,,,0.666,,,2.0,-0.083,1.5,,,,,,,,,0.5,,0.002,,Xây dựng và Vật liệu,Công ty Cổ phần Hacisco
212,HBC,Q3,2021,44.3,1.1,0.025,0.006,326,13364,,,,,,0.232,,,0.4,-0.3,4.3,,,,,,,,,2.8,,0.002,,Xây dựng và Vật liệu,Công ty Cổ phần Tập đoàn Xây dựng Hòa Bình
213,HCC,Q3,2021,23.5,1.0,0.041,0.021,493,11457,,,,,,0.501,,,1.0,0.881,2.0,,,,,,,,,1.0,,0.005,,Xây dựng và Vật liệu,Công ty Cổ phần Bê tông Hòa Cầm - Intimex
214,HDA,Q3,2021,18.6,2.3,0.129,0.066,874,7184,,,,,,0.515,,,1.3,-0.174,1.9,,,,,,,,,0.8,,0.029,,Xây dựng và Vật liệu,Công ty Cổ phần Hãng sơn Đông Á
215,GMD,Q3,2021,32.5,2.6,0.08,0.047,1525,19307,,,,,,0.596,,,2.0,0.068,1.7,,,,,,,,,0.5,,-0.041,,Hàng & Dịch vụ Công nghiệp,Công ty Cổ phần Gemadept
216,GIC,Q3,2021,7.9,1.1,0.143,0.117,2655,18890,,,,,,0.926,,,12.6,-0.14,1.1,,,,,,,,,0.1,,-0.003,,Hàng & Dịch vụ Công nghiệp,Công ty Cổ phần Đầu tư Dịch vụ và Phát triển Xanh
217,GSP,Q3,2021,13.1,1.9,0.15,0.064,1204,8115,,,,,,0.397,,,0.7,0.085,2.5,,,,,,,,,1.5,,0.044,,Hàng & Dịch vụ Công nghiệp,Công ty Cổ phần Vận tải Sản phẩm Khí Quốc tế
218,HAH,Q3,2021,16.2,3.8,0.257,0.121,2763,11859,,,,,,0.448,,,1.2,0.315,2.2,,,,,,,,,0.8,,0.08,,Hàng & Dịch vụ Công nghiệp,Công ty Cổ phần Vận tải và Xếp dỡ Hải An
219,HCT,Q3,2021,-338.1,0.7,-0.002,-0.002,-42,20146,,,,,,0.87,,,6.7,-1.364,1.1,,,,,,,,,0.1,,0.005,,Hàng & Dịch vụ Công nghiệp,Công ty Cổ phần Thương mại - Dịch vụ - Vận tải Xi măng Hải Phòng
220,HMH,Q3,2021,8.8,0.7,0.078,0.071,1471,18926,,,,,,0.893,,,8.8,-0.114,1.1,,,,,,,,,0.1,,0.011,,Hàng & Dịch vụ Công nghiệp,Công ty Cổ phần Hải Minh
221,HTV,Q3,2021,11.3,0.6,0.052,0.04,1296,24894,,,,,,0.75,,,3.0,-0.21,1.3,,,,,,,,,0.3,,0.009,,Hàng & Dịch vụ Công nghiệp,Công ty Cổ phần Logistics Vicem
222,ILB,Q3,2021,10.3,1.8,0.184,0.051,3069,17233,,,,,,0.293,,,0.5,0.04,3.4,,,,,,,,,2.1,,0.034,,Hàng & Dịch vụ Công nghiệp,Công ty Cổ phần ICD Tân Cảng - Long Bình
223,IST,Q3,2021,7.7,2.0,0.247,0.088,3464,13587,,,,,,0.357,,,0.6,-0.018,2.8,,,,,,,,,1.8,,0.052,,Hàng & Dịch vụ Công nghiệp,Công ty Cổ phần ICD Tân Cảng Sóng Thần
224,MHC,Q3,2021,4.5,0.7,0.175,0.084,2330,14485,,,,,,0.44,,,0.8,-0.52,2.3,,,,,,,,,1.3,,-0.064,,Hàng & Dịch vụ Công nghiệp,Công ty Cổ phần MHC
225,NAP,Q3,2021,13.8,1.0,0.072,0.062,770,10610,,,,,,0.832,,,4.9,0.129,1.2,,,,,,,,,0.2,,-0.057,,Hàng & Dịch vụ Công nghiệp,Công ty Cổ phần Cảng Nghệ Tĩnh
226,NCT,Q3,2021,9.2,5.1,0.528,0.432,8451,15378,,,,,,0.809,,,4.2,0.034,1.2,,,,,,,,,0.2,,-0.068,,Hàng & Dịch vụ Công nghiệp,Công ty Cổ phần Dịch vụ Hàng hóa Nội Bài
227,PAP,Q3,2021,-641.0,1.9,-0.003,-0.003,-22,7605,,,,,,0.955,,,21.2,0.127,1.0,,,,,,,,,0.0,,0.0,,Hàng & Dịch vụ Công nghiệp,Công ty Cổ phần Dầu khí đầu tư khai thác Cảng Phước An
228,PCT,Q3,2021,32.9,1.4,0.044,0.037,261,6011,,,,,,0.886,,,7.8,-0.013,1.1,,,,,,,,,0.1,,0.006,,Hàng & Dịch vụ Công nghiệp,Công ty Cổ phần Vận tải Khí và Hóa chất Việt Nam
229,PDN,Q3,2021,19.5,4.8,0.266,0.161,4658,18729,,,,,,0.604,,,1.5,-0.058,1.7,,,,,,,,,0.7,,0.058,,Hàng & Dịch vụ Công nghiệp,Công ty Cổ phần Cảng Đồng Nai
230,PDV,Q3,2021,28.6,1.3,0.046,0.02,355,7926,,,,,,0.419,,,0.7,2.049,2.4,,,,,,,,,1.4,,0.051,,Hàng & Dịch vụ Công nghiệp,Công ty Cổ phần Vận tải và Tiếp vận Phương Đông Việt
231,PHP,Q3,2021,18.3,2.3,0.131,0.09,1600,12647,,,,,,0.691,,,4.2,-0.006,1.4,,,,,,,,,0.2,,-0.02,,Hàng & Dịch vụ Công nghiệp,Công ty Cổ phần Cảng Hải Phòng
232,PJT,Q3,2021,17.3,0.9,0.06,0.027,660,12596,,,,,,0.478,,,0.9,-0.438,2.1,,,,,,,,,1.1,,0.347,,Hàng & Dịch vụ Công nghiệp,Công ty Cổ phần Vận tải Xăng dầu đường thủy Petrolimex
233,PNP,Q3,2021,13.0,2.6,0.205,0.103,2589,12944,,,,,,0.494,,,1.0,-0.002,2.0,,,,,,,,,1.0,,0.06,,Hàng & Dịch vụ Công nghiệp,Công ty Cổ phần Tân Cảng – Phú Hữu
234,PRC,Q3,2021,24.8,0.9,0.035,0.016,820,23531,,,,,,0.474,,,0.9,-0.168,2.1,,,,,,,,,1.1,,0.002,,Hàng & Dịch vụ Công nghiệp,Công ty Cổ phần Logistics Portserco
235,PSC,Q3,2021,15.5,1.1,0.07,0.031,1160,16267,,,,,,0.437,,,0.8,-0.306,2.3,,,,,,,,,1.3,,-0.005,,Hàng & Dịch vụ Công nghiệp,Công ty Cổ phần Vận tải và Dịch vụ Petrolimex Sài Gòn
236,PSP,Q3,2021,21.8,1.0,0.048,0.039,570,12181,,,,,,0.844,,,5.4,-0.186,1.2,,,,,,,,,0.2,,0.005,,Hàng & Dịch vụ Công nghiệp,Công ty Cổ phần Cảng Dịch vụ Dầu khí Đình Vũ
237,PTS,Q3,2021,9.2,0.7,0.071,0.023,1169,16548,,,,,,0.346,,,0.5,-0.335,2.9,,,,,,,,,1.9,,-0.007,,Hàng & Dịch vụ Công nghiệp,Công ty Cổ phần Vận tải và Dịch vụ Petrolimex Hải Phòng
238,PSN,Q3,2021,12.3,0.9,0.073,0.048,960,13164,,,,,,0.664,,,2.0,-0.016,1.5,,,,,,,,,0.5,,0.018,,Hàng & Dịch vụ Công nghiệp,Công ty Cổ phần Dịch vụ Kỹ thuật PTSC Thanh Hóa
239,PVT,Q3,2021,9.8,1.4,0.152,0.061,2269,15406,,,,,,0.384,,,1.0,-0.019,2.6,,,,,,,,,1.0,,0.021,,Hàng & Dịch vụ Công nghiệp,Tổng Công ty Cổ phần Vận tải Dầu khí
240,PVP,Q3,2021,7.4,1.1,0.162,0.093,2467,15912,,,,,,0.628,,,1.7,-0.2,1.6,,,,,,,,,0.6,,0.026,,Hàng & Dịch vụ Công nghiệp,Công ty Cổ phần Vận tải Dầu khí Thái Bình Dương
241,PQN,Q3,2021,6.2,1.2,0.218,0.023,640,3266,,,,,,0.121,,,0.1,0.002,8.3,,,,,,,,,7.3,,0.066,,Hàng & Dịch vụ Công nghiệp,Công ty Cổ phần Dịch vụ Dầu khí Quảng Ngãi PTSC
242,DS3,Q3,2021,10.0,0.6,0.065,0.05,702,10795,,,,,,0.762,,,3.2,0.067,1.3,,,,,,,,,0.3,,0.02,,Hàng & Dịch vụ Công nghiệp,Công ty Cổ phần DS3
243,SGN,Q3,2021,43.4,2.9,0.064,0.049,1517,22856,,,,,,0.776,,,4.7,-0.24,1.3,,,,,,,,,0.2,,-0.014,,Hàng & Dịch vụ Công nghiệp,Công ty Cổ phần Phục vụ mặt đất Sài Gòn
244,SFI,Q3,2021,7.4,1.3,0.195,0.149,4353,23866,,,,,,0.769,,,3.4,-0.098,1.3,,,,,,,,,0.3,,0.037,,Hàng & Dịch vụ Công nghiệp,Công ty Cổ phần Đại lý Vận tải SAFI
245,SGS,Q3,2021,9.2,1.4,0.153,0.12,1970,12894,,,,,,0.777,,,4.3,0.061,1.3,,,,,,,,,0.2,,0.04,,Hàng & Dịch vụ Công nghiệp,Công ty Cổ phần Vận tải biển Sài Gòn
246,STG,Q3,2021,10.8,1.5,0.146,0.094,2427,17780,,,,,,0.632,,,2.0,-0.007,1.6,,,,,,,,,0.5,,0.038,,Hàng & Dịch vụ Công nghiệp,Công ty Cổ phần Kho Vận Miền Nam
